,pdq_config,rmse
0,"[(1, 0, 1), (0, 0, 0, 12), 'c']",3.2167078478932587
1,"[(1, 0, 2), (2, 1, 0, 12), 'c']",3.2558067140450717
2,"[(1, 0, 2), (2, 1, 1, 12), 'c']",3.2558067140450717
3,"[(0, 0, 2), (2, 1, 0, 12), 'c']",3.2613010183176345
4,"[(0, 0, 2), (2, 1, 1, 12), 'c']",3.2613010183176345
5,"[(1, 0, 1), (0, 0, 0, 12), 't']",3.302403758342246
6,"[(2, 0, 2), (2, 1, 0, 12), 'c']",3.3427030686982073
7,"[(2, 0, 2), (2, 1, 1, 12), 'c']",3.3427030686982073
8,"[(1, 0, 2), (0, 1, 2, 12), 'c']",3.4313196827897734
9,"[(1, 0, 2), (1, 1, 2, 12), 'c']",3.4313196827897734
10,"[(1, 0, 2), (2, 1, 2, 12), 'c']",3.4313196827897734
11,"[(2, 0, 2), (0, 1, 2, 12), 'c']",3.5373531389203983
12,"[(2, 0, 2), (1, 1, 2, 12), 'c']",3.5373531389203983
13,"[(2, 0, 2), (2, 1, 2, 12), 'c']",3.5373531389203983
14,"[(0, 0, 2), (0, 1, 2, 12), 'c']",3.5430056978323856
15,"[(0, 0, 2), (1, 1, 2, 12), 'c']",3.5430056978323856
16,"[(0, 0, 2), (2, 1, 2, 12), 'c']",3.5430056978323856
17,"[(0, 0, 2), (0, 1, 1, 12), 'c']",3.561698846065274
18,"[(2, 0, 1), (0, 0, 0, 12), 't']",3.6248137684795236
19,"[(0, 0, 0), (1, 0, 2, 12), 'ct']",3.6553049563664586
20,"[(0, 1, 2), (0, 0, 0, 12), 'c']",3.688261073152195
21,"[(2, 1, 0), (0, 0, 0, 12), 'c']",3.720233982872238
22,"[(0, 0, 2), (1, 1, 1, 12), 'c']",3.7440018843690965
23,"[(0, 0, 0), (2, 0, 2, 12), 'ct']",3.8242110857420584
24,"[(2, 1, 1), (0, 1, 0, 12), 'c']",3.8408710150182626
25,"[(2, 0, 1), (0, 0, 2, 12), 'ct']",3.863267103362686
26,"[(0, 0, 0), (0, 0, 2, 12), 'ct']",3.8707861971377318
27,"[(1, 1, 0), (0, 0, 0, 12), 'c']",3.885703347538203
28,"[(2, 0, 1), (0, 0, 0, 12), 'c']",3.887378789402678
29,"[(2, 1, 0), (0, 0, 0, 12), 't']",3.8888539057117084
30,"[(2, 1, 0), (0, 1, 0, 12), 'c']",3.893447598564897
31,"[(2, 1, 0), (0, 1, 2, 12), 'c']",3.8934475985650323
32,"[(2, 1, 0), (1, 1, 2, 12), 'c']",3.8934475985650323
33,"[(2, 1, 0), (2, 1, 0, 12), 'c']",3.8934475985650425
34,"[(2, 1, 0), (2, 1, 1, 12), 'c']",3.8934475985650425
35,"[(2, 1, 0), (2, 1, 2, 12), 'c']",3.8934475985650425
36,"[(0, 1, 1), (0, 0, 0, 12), 'ct']",3.9011070470103433
37,"[(1, 0, 2), (0, 0, 0, 12), 't']",3.9084839626404446
38,"[(2, 1, 0), (0, 0, 0, 12), 'ct']",3.9430051215950708
39,"[(0, 0, 0), (0, 0, 1, 12), 'ct']",3.9854529628708444
40,"[(1, 1, 1), (0, 1, 0, 12), 'c']",3.9892442324470396
41,"[(0, 1, 2), (0, 0, 0, 12), 't']",3.9907588565901806
42,"[(0, 0, 0), (1, 0, 0, 12), 'ct']",3.9982685699412284
43,"[(2, 0, 0), (0, 0, 0, 12), 't']",4.007837608368689
44,"[(0, 1, 1), (0, 0, 0, 12), 't']",4.017362227076237
45,"[(1, 1, 1), (0, 0, 0, 12), 't']",4.023033902516869
46,"[(1, 1, 0), (0, 0, 0, 12), 't']",4.039776773884567
47,"[(1, 1, 0), (0, 1, 0, 12), 'c']",4.063244645368063
48,"[(1, 1, 0), (0, 1, 2, 12), 'c']",4.0632446453687106
49,"[(1, 1, 0), (1, 1, 2, 12), 'c']",4.0632446453687106
50,"[(1, 1, 0), (2, 1, 0, 12), 'c']",4.0632446453687106
51,"[(1, 1, 0), (2, 1, 1, 12), 'c']",4.0632446453687106
52,"[(1, 1, 0), (2, 1, 2, 12), 'c']",4.0632446453687106
53,"[(0, 1, 1), (0, 0, 0, 12), 'c']",4.089006615372837
54,"[(1, 1, 0), (0, 0, 0, 12), 'ct']",4.111987376372866
55,"[(2, 1, 0), (0, 1, 0, 12), 't']",4.129460360362038
56,"[(1, 1, 1), (0, 0, 0, 12), 'ct']",4.132792825533592
57,"[(2, 1, 0), (0, 0, 1, 12), 'c']",4.149939940725827
58,"[(1, 1, 2), (2, 0, 1, 12), 'c']",4.152821296512653
59,"[(0, 1, 2), (1, 0, 1, 12), 'ct']",4.178640508446936
60,"[(1, 1, 1), (0, 0, 0, 12), 'c']",4.1817252916786884
61,"[(2, 0, 0), (0, 0, 0, 12), 'ct']",4.184939735521811
62,"[(2, 0, 1), (0, 0, 0, 12), 'ct']",4.186683841211695
63,"[(2, 1, 1), (0, 1, 0, 12), 't']",4.18926931286029
64,"[(2, 0, 2), (0, 0, 0, 12), 'c']",4.202780174836511
65,"[(1, 1, 0), (0, 0, 2, 12), 't']",4.207456178109729
66,"[(0, 1, 0), (2, 1, 0, 12), 'c']",4.2081980008726685
67,"[(0, 1, 0), (2, 1, 1, 12), 'c']",4.2081980008726685
68,"[(0, 1, 0), (0, 1, 2, 12), 'c']",4.208198000872673
69,"[(0, 1, 0), (1, 1, 2, 12), 'c']",4.208198000872673
70,"[(0, 1, 0), (2, 1, 2, 12), 'c']",4.208198000872673
71,"[(1, 1, 0), (0, 1, 0, 12), 't']",4.213107879200322
72,"[(0, 1, 0), (0, 1, 0, 12), 'c']",4.219025490424906
73,"[(1, 0, 0), (1, 0, 2, 12), 'ct']",4.231011533895239
74,"[(2, 0, 1), (0, 0, 2, 12), 't']",4.248832957009435
75,"[(2, 0, 2), (0, 1, 0, 12), 'c']",4.2510028342614605
76,"[(0, 1, 2), (1, 0, 1, 12), 'c']",4.252263774390674
77,"[(0, 1, 1), (1, 0, 0, 12), 't']",4.269095767334238
78,"[(2, 0, 0), (2, 0, 1, 12), 'ct']",4.270160267529913
79,"[(2, 0, 1), (0, 1, 2, 12), 'c']",4.280742886182019
80,"[(2, 0, 1), (1, 1, 2, 12), 'c']",4.280742886182019
81,"[(2, 0, 1), (2, 1, 0, 12), 'c']",4.280742886182019
82,"[(2, 0, 1), (2, 1, 1, 12), 'c']",4.280742886182019
83,"[(2, 0, 1), (2, 1, 2, 12), 'c']",4.280742886182019
84,"[(2, 0, 1), (1, 0, 2, 12), 'c']",4.281899696116761
85,"[(2, 0, 0), (2, 0, 2, 12), 'ct']",4.28597917863134
86,"[(2, 0, 0), (0, 0, 0, 12), 'c']",4.289265770822981
87,"[(1, 0, 2), (0, 1, 1, 12), 'c']",4.296280309698942
88,"[(1, 1, 0), (1, 0, 0, 12), 'c']",4.296436871912863
89,"[(2, 0, 2), (0, 0, 0, 12), 't']",4.297888452530112
90,"[(1, 0, 0), (0, 0, 1, 12), 'ct']",4.315981690905967
91,"[(1, 1, 0), (0, 0, 2, 12), 'c']",4.323380398876453
92,"[(2, 0, 2), (0, 0, 2, 12), 'ct']",4.323719554348522
93,"[(0, 0, 2), (1, 1, 0, 12), 'c']",4.3338379372653835
94,"[(0, 1, 0), (0, 1, 0, 12), 't']",4.334908181485562
95,"[(0, 0, 0), (1, 0, 1, 12), 'ct']",4.343032420681482
96,"[(2, 1, 0), (0, 0, 1, 12), 't']",4.343681591822281
97,"[(0, 0, 1), (0, 0, 2, 12), 'ct']",4.350255634047874
98,"[(2, 0, 1), (0, 1, 0, 12), 't']",4.355510259975853
99,"[(1, 0, 1), (0, 0, 0, 12), 'ct']",4.359130178596409
100,"[(0, 0, 2), (0, 0, 2, 12), 'ct']",4.368473055284349
101,"[(1, 0, 1), (0, 1, 0, 12), 't']",4.370328146081665
102,"[(2, 0, 0), (0, 1, 0, 12), 't']",4.371896402445229
103,"[(2, 0, 0), (0, 0, 2, 12), 't']",4.378068354373828
104,"[(1, 0, 0), (1, 0, 0, 12), 'c']",4.385415022306962
105,"[(0, 1, 1), (1, 0, 1, 12), 't']",4.386412789333903
106,"[(1, 1, 2), (0, 1, 0, 12), 'c']",4.40101933039515
107,"[(1, 1, 0), (0, 0, 1, 12), 'c']",4.404457301640671
108,"[(1, 1, 0), (1, 0, 1, 12), 'c']",4.404795819781302
109,"[(1, 0, 0), (0, 0, 0, 12), 'ct']",4.405797833508784
110,"[(0, 1, 1), (0, 1, 0, 12), 'c']",4.410439844586815
111,"[(0, 0, 0), (1, 1, 0, 12), 'c']",4.415834225988074
112,"[(1, 0, 0), (1, 0, 0, 12), 'ct']",4.4212548354532535
113,"[(1, 0, 2), (1, 0, 1, 12), 'c']",4.423371334459158
114,"[(0, 1, 1), (0, 0, 1, 12), 't']",4.434374660992809
115,"[(1, 1, 0), (1, 0, 0, 12), 't']",4.435307096184553
116,"[(0, 0, 2), (2, 0, 1, 12), 'ct']",4.437122278093266
117,"[(1, 1, 1), (1, 0, 0, 12), 't']",4.437914801161826
118,"[(2, 1, 2), (1, 0, 1, 12), 'ct']",4.445515962799043
119,"[(0, 0, 1), (2, 0, 2, 12), 'ct']",4.453694576255679
120,"[(0, 1, 1), (1, 0, 2, 12), 't']",4.455145942199789
121,"[(2, 0, 0), (0, 0, 1, 12), 'ct']",4.465327048631712
122,"[(1, 0, 2), (0, 0, 0, 12), 'ct']",4.465444250029372
123,"[(0, 0, 0), (1, 0, 1, 12), 'c']",4.472897506460176
124,"[(2, 0, 0), (0, 1, 2, 12), 't']",4.4797590877673725
125,"[(2, 0, 0), (1, 1, 2, 12), 't']",4.4797590877673725
126,"[(2, 0, 0), (2, 1, 0, 12), 't']",4.4797590877674764
127,"[(2, 0, 0), (2, 1, 1, 12), 't']",4.4797590877674764
128,"[(2, 0, 0), (2, 1, 2, 12), 't']",4.4797590877674764
129,"[(2, 0, 1), (1, 0, 2, 12), 't']",4.48332242959727
130,"[(1, 0, 1), (0, 1, 2, 12), 'c']",4.493178973798896
131,"[(1, 0, 1), (1, 1, 2, 12), 'c']",4.493178973798896
132,"[(1, 0, 1), (2, 1, 2, 12), 'c']",4.493178973798896
133,"[(2, 0, 0), (2, 0, 1, 12), 'c']",4.494576884096601
134,"[(2, 1, 0), (0, 0, 2, 12), 'c']",4.499342315591436
135,"[(0, 0, 0), (1, 0, 0, 12), 'c']",4.506457427245917
136,"[(2, 0, 2), (2, 0, 2, 12), 'ct']",4.526109497057579
137,"[(2, 0, 1), (0, 0, 2, 12), 'c']",4.533916331153064
138,"[(1, 1, 0), (1, 0, 1, 12), 't']",4.54761939815449
139,"[(0, 0, 1), (1, 1, 0, 12), 'c']",4.5548248485728875
140,"[(1, 0, 0), (1, 0, 1, 12), 'ct']",4.55715796111131
141,"[(1, 1, 0), (0, 0, 1, 12), 't']",4.561071966174635
142,"[(2, 0, 2), (0, 1, 0, 12), 't']",4.56125303561029
143,"[(2, 0, 0), (0, 1, 0, 12), 'c']",4.561818424413322
144,"[(2, 0, 0), (2, 1, 0, 12), 'c']",4.561818424413371
145,"[(2, 0, 0), (2, 1, 1, 12), 'c']",4.561818424413371
146,"[(2, 0, 0), (2, 1, 2, 12), 'c']",4.561818424413371
147,"[(2, 0, 0), (0, 1, 2, 12), 'c']",4.561818424413737
148,"[(2, 0, 0), (1, 1, 2, 12), 'c']",4.561818424413737
149,"[(2, 0, 1), (0, 1, 0, 12), 'c']",4.563834424055529
150,"[(2, 0, 2), (1, 0, 1, 12), 'c']",4.566323705000488
151,"[(0, 0, 1), (1, 0, 2, 12), 'ct']",4.568678019317011
152,"[(1, 0, 0), (1, 0, 0, 12), 't']",4.5825930644980355
153,"[(1, 1, 1), (0, 0, 1, 12), 't']",4.582818923609566
154,"[(1, 0, 0), (0, 0, 2, 12), 'ct']",4.5852262595623845
155,"[(0, 0, 2), (0, 0, 0, 12), 'ct']",4.586333312392929
156,"[(0, 0, 1), (0, 0, 0, 12), 'ct']",4.603400469660465
157,"[(1, 0, 1), (0, 1, 0, 12), 'c']",4.6045101470129435
158,"[(0, 1, 1), (1, 0, 1, 12), 'ct']",4.607343820422412
159,"[(1, 0, 1), (2, 1, 0, 12), 'c']",4.626717568118526
160,"[(1, 0, 1), (2, 1, 1, 12), 'c']",4.626717568118526
161,"[(0, 1, 1), (1, 0, 2, 12), 'c']",4.627803531078076
162,"[(2, 0, 2), (2, 0, 1, 12), 'ct']",4.630623126773933
163,"[(0, 1, 1), (0, 0, 1, 12), 'ct']",4.635530534885364
164,"[(0, 1, 1), (0, 1, 0, 12), 't']",4.648804504917865
165,"[(1, 1, 1), (0, 1, 0, 12), 't']",4.684539592738694
166,"[(1, 1, 1), (1, 0, 1, 12), 't']",4.68578341856273
167,"[(2, 1, 1), (0, 0, 0, 12), 'c']",4.692852665202631
168,"[(2, 0, 0), (0, 0, 2, 12), 'c']",4.694156771953738
169,"[(1, 0, 2), (2, 0, 1, 12), 'c']",4.695620343736056
170,"[(1, 1, 2), (0, 0, 0, 12), 'ct']",4.700996191511741
171,"[(2, 0, 2), (2, 0, 0, 12), 'ct']",4.704192806484139
172,"[(0, 1, 2), (1, 0, 1, 12), 't']",4.727313183383837
173,"[(2, 0, 0), (2, 0, 2, 12), 'c']",4.730343409002475
174,"[(0, 0, 0), (0, 0, 0, 12), 'ct']",4.73222859022979
175,"[(2, 0, 0), (2, 0, 0, 12), 'ct']",4.7344732318651515
176,"[(2, 1, 0), (0, 0, 2, 12), 't']",4.741485547095313
177,"[(0, 0, 2), (2, 0, 2, 12), 'ct']",4.74289806350723
178,"[(1, 0, 1), (0, 0, 2, 12), 't']",4.745257926910407
179,"[(1, 0, 0), (1, 0, 1, 12), 'c']",4.746770908834364
180,"[(2, 0, 0), (1, 0, 2, 12), 't']",4.759156105726096
181,"[(0, 1, 1), (0, 0, 2, 12), 'c']",4.779518726670177
182,"[(2, 0, 2), (1, 0, 0, 12), 'c']",4.781492225722889
183,"[(0, 0, 0), (1, 0, 0, 12), 't']",4.781605735527018
184,"[(0, 0, 0), (0, 1, 1, 12), 'c']",4.792797011594907
185,"[(0, 1, 0), (1, 0, 0, 12), 'c']",4.800753030405281
186,"[(0, 1, 0), (0, 0, 0, 12), 'c']",4.804729246732375
187,"[(1, 1, 1), (0, 0, 1, 12), 'ct']",4.811246278535746
188,"[(0, 1, 0), (0, 0, 1, 12), 'c']",4.830256100414071
189,"[(1, 0, 0), (0, 1, 2, 12), 'c']",4.8324288757080796
190,"[(1, 0, 0), (1, 1, 2, 12), 'c']",4.8324288757080796
191,"[(1, 0, 0), (2, 1, 0, 12), 'c']",4.8324288757080796
192,"[(1, 0, 0), (2, 1, 1, 12), 'c']",4.8324288757080796
193,"[(1, 0, 0), (2, 1, 2, 12), 'c']",4.8324288757080796
194,"[(1, 0, 0), (0, 1, 0, 12), 'c']",4.83242887570895
195,"[(1, 0, 1), (1, 0, 2, 12), 'c']",4.835268356413478
196,"[(2, 1, 1), (0, 0, 0, 12), 't']",4.837745019752731
197,"[(1, 0, 1), (0, 0, 2, 12), 'c']",4.858821576000108
198,"[(1, 1, 2), (0, 0, 0, 12), 'c']",4.876984994763282
199,"[(1, 0, 0), (1, 0, 1, 12), 't']",4.8834618710176105
200,"[(1, 1, 1), (1, 0, 1, 12), 'ct']",4.883852290682981
201,"[(0, 1, 0), (1, 0, 1, 12), 'c']",4.894854927803041
202,"[(1, 1, 2), (1, 0, 0, 12), 't']",4.897948523698726
203,"[(0, 0, 0), (1, 0, 1, 12), 't']",4.900042977673232
204,"[(1, 0, 2), (0, 0, 1, 12), 'c']",4.90516550376328
205,"[(2, 0, 0), (0, 0, 1, 12), 'c']",4.908815346120605
206,"[(2, 0, 1), (2, 0, 2, 12), 't']",4.910139926914624
207,"[(1, 0, 2), (0, 0, 0, 12), 'c']",4.917651043278652
208,"[(0, 1, 0), (2, 1, 0, 12), 't']",4.9227339168991175
209,"[(0, 1, 0), (2, 1, 1, 12), 't']",4.9227339168991175
210,"[(0, 1, 0), (0, 1, 2, 12), 't']",4.922733916899262
211,"[(0, 1, 0), (1, 1, 2, 12), 't']",4.922733916899262
212,"[(0, 1, 0), (2, 1, 2, 12), 't']",4.922733916899262
213,"[(1, 0, 0), (0, 0, 0, 12), 't']",4.923380249013118
214,"[(0, 1, 1), (0, 0, 2, 12), 't']",4.925318684064565
215,"[(1, 1, 2), (0, 0, 0, 12), 't']",4.927474974967189
216,"[(2, 0, 1), (0, 1, 2, 12), 't']",4.93320578197777
217,"[(2, 0, 1), (1, 1, 2, 12), 't']",4.93320578197777
218,"[(2, 0, 1), (2, 1, 0, 12), 't']",4.93320578197777
219,"[(2, 0, 1), (2, 1, 1, 12), 't']",4.93320578197777
220,"[(2, 0, 1), (2, 1, 2, 12), 't']",4.93320578197777
221,"[(2, 0, 0), (1, 0, 2, 12), 'c']",4.934701701193655
222,"[(0, 1, 2), (0, 1, 0, 12), 'ct']",4.935127209144924
223,"[(0, 0, 1), (0, 1, 1, 12), 'c']",4.938764874892898
224,"[(2, 0, 1), (2, 0, 2, 12), 'c']",4.9390306563643165
225,"[(0, 1, 0), (1, 0, 0, 12), 't']",4.940176233191832
226,"[(2, 0, 1), (2, 0, 1, 12), 't']",4.944864836343129
227,"[(0, 0, 1), (1, 0, 0, 12), 't']",4.947926288106366
228,"[(1, 0, 0), (1, 0, 2, 12), 't']",4.947949494892152
229,"[(2, 0, 1), (2, 0, 1, 12), 'c']",4.950115131624279
230,"[(2, 0, 2), (1, 0, 2, 12), 'ct']",4.958536310307223
231,"[(1, 1, 1), (1, 0, 0, 12), 'ct']",4.959491162430528
232,"[(0, 1, 1), (1, 0, 0, 12), 'ct']",4.96178662743789
233,"[(1, 0, 0), (0, 0, 2, 12), 'c']",4.968407781463097
234,"[(1, 1, 2), (1, 0, 0, 12), 'c']",4.96841989477318
235,"[(0, 1, 0), (0, 1, 0, 12), 'ct']",4.974587821773923
236,"[(2, 1, 1), (0, 0, 0, 12), 'ct']",4.975137633773027
237,"[(0, 1, 0), (0, 0, 1, 12), 't']",4.9821533430184335
238,"[(0, 1, 0), (0, 0, 0, 12), 't']",4.990185029388981
239,"[(2, 1, 0), (0, 0, 1, 12), 'ct']",5.011956234015402
240,"[(1, 0, 1), (1, 0, 2, 12), 't']",5.032016612129736
241,"[(1, 0, 1), (1, 0, 0, 12), 'ct']",5.034336609741256
242,"[(0, 1, 0), (1, 0, 1, 12), 't']",5.041159657710119
243,"[(2, 0, 1), (2, 0, 0, 12), 't']",5.044759679104634
244,"[(2, 1, 0), (1, 0, 0, 12), 'c']",5.050228437657674
245,"[(1, 0, 0), (0, 0, 1, 12), 'c']",5.051130847106165
246,"[(1, 0, 1), (0, 1, 2, 12), 't']",5.052993365224041
247,"[(1, 0, 1), (1, 1, 2, 12), 't']",5.052993365224041
248,"[(1, 0, 1), (2, 1, 2, 12), 't']",5.052993365224041
249,"[(1, 1, 1), (1, 0, 0, 12), 'c']",5.057381806168791
250,"[(1, 1, 2), (0, 1, 0, 12), 't']",5.06364701452884
251,"[(1, 0, 0), (0, 1, 0, 12), 't']",5.06432144431915
252,"[(1, 0, 1), (0, 0, 1, 12), 'c']",5.069343768413522
253,"[(2, 1, 0), (1, 0, 1, 12), 't']",5.074259511803888
254,"[(0, 0, 1), (0, 0, 1, 12), 'ct']",5.077095408482478
255,"[(2, 0, 2), (0, 0, 2, 12), 't']",5.083543622083081
256,"[(1, 1, 0), (1, 0, 0, 12), 'ct']",5.083973312344942
257,"[(1, 1, 2), (0, 0, 1, 12), 'ct']",5.088466700984737
258,"[(1, 1, 2), (1, 0, 1, 12), 'ct']",5.093911941410301
259,"[(0, 0, 2), (2, 0, 0, 12), 'ct']",5.098580920639098
260,"[(1, 0, 1), (2, 1, 0, 12), 't']",5.110522631431501
261,"[(1, 0, 1), (2, 1, 1, 12), 't']",5.110522631431501
262,"[(0, 1, 0), (0, 0, 0, 12), 'ct']",5.1233116875399025
263,"[(0, 1, 0), (1, 0, 2, 12), 'c']",5.130814173649536
264,"[(2, 1, 0), (1, 0, 0, 12), 't']",5.143738228915377
265,"[(1, 0, 1), (0, 1, 1, 12), 'c']",5.151189525372338
266,"[(0, 1, 0), (2, 0, 2, 12), 't']",5.1637363935810425
267,"[(1, 0, 0), (0, 1, 0, 12), 'ct']",5.171631166463571
268,"[(0, 0, 1), (0, 0, 1, 12), 'c']",5.1776673704281615
269,"[(0, 0, 2), (1, 0, 1, 12), 'c']",5.178574236145767
270,"[(1, 0, 2), (0, 0, 1, 12), 'ct']",5.185963084181224
271,"[(0, 1, 2), (1, 0, 0, 12), 't']",5.186135998062304
272,"[(0, 1, 2), (0, 1, 0, 12), 't']",5.1918713544873665
273,"[(1, 1, 0), (1, 0, 1, 12), 'ct']",5.1970246658541415
274,"[(0, 1, 2), (1, 0, 0, 12), 'ct']",5.1979210360837325
275,"[(0, 1, 0), (1, 0, 2, 12), 't']",5.2024449786324505
276,"[(0, 0, 2), (1, 0, 0, 12), 'ct']",5.2085580941058955
277,"[(0, 1, 0), (0, 0, 2, 12), 'c']",5.209130267421035
278,"[(0, 0, 1), (1, 0, 0, 12), 'c']",5.2114507276782485
279,"[(2, 0, 0), (1, 0, 0, 12), 'c']",5.213124021310199
280,"[(1, 1, 0), (0, 0, 1, 12), 'ct']",5.213974621531968
281,"[(0, 1, 0), (2, 0, 2, 12), 'c']",5.218760050713968
282,"[(0, 1, 2), (0, 0, 1, 12), 'c']",5.219766586515848
283,"[(1, 0, 1), (1, 1, 1, 12), 'c']",5.220374153653595
284,"[(0, 0, 0), (0, 0, 1, 12), 'c']",5.228739752577302
285,"[(2, 0, 1), (1, 0, 1, 12), 'c']",5.233261215645049
286,"[(0, 0, 2), (0, 0, 1, 12), 'ct']",5.237374838462089
287,"[(1, 1, 0), (2, 0, 2, 12), 'c']",5.252106813329833
288,"[(1, 0, 1), (1, 0, 2, 12), 'ct']",5.254829499088113
289,"[(1, 1, 2), (0, 0, 1, 12), 't']",5.265162684783963
290,"[(1, 0, 1), (1, 0, 1, 12), 'ct']",5.267605993483102
291,"[(0, 1, 2), (0, 0, 1, 12), 'ct']",5.268683262350651
292,"[(0, 1, 0), (0, 0, 2, 12), 't']",5.271149329112692
293,"[(1, 0, 2), (1, 0, 2, 12), 'c']",5.271818447883199
294,"[(1, 0, 1), (1, 0, 0, 12), 'c']",5.271943332674281
295,"[(1, 0, 0), (0, 0, 2, 12), 't']",5.276154451590568
296,"[(1, 1, 0), (2, 0, 1, 12), 'c']",5.276670025143957
297,"[(2, 1, 0), (1, 0, 1, 12), 'c']",5.281641794343536
298,"[(2, 0, 1), (0, 0, 1, 12), 'ct']",5.2946575665395965
299,"[(0, 1, 1), (1, 0, 0, 12), 'c']",5.298570219540724
300,"[(0, 1, 2), (1, 0, 0, 12), 'c']",5.30274567339623
301,"[(0, 0, 1), (0, 1, 0, 12), 'c']",5.3116470984133715
302,"[(2, 0, 2), (1, 0, 2, 12), 't']",5.3237212912103375
303,"[(2, 0, 0), (1, 0, 1, 12), 'c']",5.324029778913132
304,"[(0, 0, 0), (0, 1, 0, 12), 'ct']",5.331461009045568
305,"[(2, 1, 2), (0, 0, 0, 12), 'c']",5.338530527490271
306,"[(1, 1, 2), (0, 0, 1, 12), 'c']",5.353900709292727
307,"[(0, 1, 1), (0, 0, 1, 12), 'c']",5.360697522020215
308,"[(2, 0, 0), (1, 0, 1, 12), 'ct']",5.365364977760469
309,"[(0, 1, 2), (0, 0, 1, 12), 't']",5.367372908637259
310,"[(2, 0, 0), (1, 0, 1, 12), 't']",5.374459771088157
311,"[(0, 0, 1), (2, 1, 0, 12), 'c']",5.382454735883068
312,"[(0, 0, 1), (2, 1, 1, 12), 'c']",5.382454735883068
313,"[(2, 1, 1), (1, 0, 0, 12), 't']",5.397665303177509
314,"[(2, 0, 0), (0, 0, 1, 12), 't']",5.404532381670647
315,"[(0, 0, 1), (1, 0, 0, 12), 'ct']",5.422868635712182
316,"[(1, 1, 1), (0, 0, 1, 12), 'c']",5.429991882723578
317,"[(0, 1, 0), (1, 0, 0, 12), 'ct']",5.431405840339013
318,"[(1, 0, 1), (2, 0, 0, 12), 'c']",5.43303153609297
319,"[(0, 0, 2), (1, 0, 2, 12), 'ct']",5.441556373068995
320,"[(2, 0, 0), (1, 0, 0, 12), 't']",5.441660172336868
321,"[(1, 0, 1), (0, 0, 1, 12), 'ct']",5.4474170774122666
322,"[(2, 1, 1), (1, 0, 1, 12), 'ct']",5.452289854099932
323,"[(2, 1, 0), (2, 0, 2, 12), 'c']",5.46035384666254
324,"[(2, 0, 0), (1, 0, 0, 12), 'ct']",5.471834912478235
325,"[(1, 0, 2), (1, 0, 2, 12), 'ct']",5.478137155779251
326,"[(2, 1, 0), (1, 0, 1, 12), 'ct']",5.479085094605429
327,"[(1, 1, 2), (1, 0, 0, 12), 'ct']",5.485244533289873
328,"[(1, 1, 0), (2, 0, 0, 12), 'c']",5.507296018271079
329,"[(0, 1, 1), (1, 0, 1, 12), 'c']",5.513281836570464
330,"[(1, 1, 1), (1, 0, 1, 12), 'c']",5.5151756455652885
331,"[(2, 0, 1), (1, 0, 0, 12), 'c']",5.535440519968472
332,"[(0, 0, 0), (0, 0, 2, 12), 'c']",5.541256919606935
333,"[(0, 0, 1), (1, 0, 1, 12), 't']",5.5429701317812246
334,"[(0, 1, 2), (0, 0, 2, 12), 't']",5.549951565627805
335,"[(2, 0, 2), (0, 0, 2, 12), 'c']",5.565608714438936
336,"[(0, 0, 2), (0, 1, 0, 12), 't']",5.569577151328598
337,"[(0, 0, 1), (0, 1, 2, 12), 'c']",5.576341465084892
338,"[(0, 0, 1), (1, 1, 2, 12), 'c']",5.576341465084892
339,"[(0, 0, 1), (2, 1, 2, 12), 'c']",5.576341465084892
340,"[(0, 1, 2), (2, 0, 1, 12), 't']",5.5832348371833636
341,"[(1, 0, 2), (2, 0, 0, 12), 'ct']",5.595017429872553
342,"[(2, 1, 0), (1, 0, 0, 12), 'ct']",5.608502453851553
343,"[(1, 0, 0), (0, 0, 0, 12), 'c']",5.60919261561896
344,"[(1, 0, 1), (2, 0, 0, 12), 'ct']",5.6204776152955755
345,"[(2, 0, 2), (0, 0, 0, 12), 'ct']",5.624444591967848
346,"[(1, 1, 1), (0, 1, 2, 12), 'c']",5.625424144135347
347,"[(1, 1, 1), (1, 1, 2, 12), 'c']",5.625424144135347
348,"[(1, 1, 1), (2, 1, 2, 12), 'c']",5.625424144135347
349,"[(0, 0, 2), (0, 0, 1, 12), 'c']",5.6312945731295905
350,"[(1, 0, 0), (2, 0, 2, 12), 'ct']",5.645444982491531
351,"[(1, 1, 1), (2, 1, 0, 12), 'c']",5.646290244884963
352,"[(1, 1, 1), (2, 1, 1, 12), 'c']",5.646290244884963
353,"[(1, 1, 1), (2, 0, 0, 12), 'c']",5.652790945801434
354,"[(2, 1, 2), (0, 0, 0, 12), 'ct']",5.663159567382793
355,"[(2, 0, 1), (1, 1, 1, 12), 't']",5.667824091806939
356,"[(1, 0, 1), (2, 0, 2, 12), 'ct']",5.672254314788183
357,"[(1, 0, 1), (1, 0, 1, 12), 'c']",5.678687626737118
358,"[(1, 0, 0), (2, 0, 1, 12), 'ct']",5.679518826099761
359,"[(1, 0, 1), (0, 0, 1, 12), 't']",5.683039319422837
360,"[(2, 0, 0), (0, 0, 2, 12), 'ct']",5.685491189621101
361,"[(1, 0, 0), (0, 0, 1, 12), 't']",5.686553030418122
362,"[(0, 0, 2), (0, 1, 0, 12), 'c']",5.692532367630204
363,"[(0, 1, 0), (0, 0, 1, 12), 'ct']",5.693595171575354
364,"[(0, 0, 1), (1, 0, 1, 12), 'c']",5.7071156565567245
365,"[(2, 0, 2), (2, 0, 1, 12), 'c']",5.709909882671355
366,"[(2, 1, 2), (2, 0, 1, 12), 'c']",5.711713759462742
367,"[(2, 0, 1), (0, 0, 1, 12), 'c']",5.716599908624712
368,"[(1, 0, 2), (2, 0, 0, 12), 'c']",5.7343722572575935
369,"[(0, 0, 1), (1, 0, 1, 12), 'ct']",5.7434536532024785
370,"[(2, 0, 1), (1, 0, 1, 12), 't']",5.752289409446885
371,"[(1, 0, 2), (1, 0, 0, 12), 'ct']",5.753395013075363
372,"[(2, 1, 2), (0, 0, 0, 12), 't']",5.75658205191601
373,"[(2, 0, 1), (1, 0, 0, 12), 't']",5.7588891503279696
374,"[(0, 0, 1), (1, 1, 1, 12), 'c']",5.764626802517502
375,"[(1, 0, 1), (2, 0, 2, 12), 't']",5.7764937936194665
376,"[(1, 1, 1), (2, 0, 2, 12), 't']",5.7812242726826
377,"[(1, 1, 0), (0, 1, 2, 12), 't']",5.7837345156470725
378,"[(1, 1, 0), (1, 1, 2, 12), 't']",5.7837345156470725
379,"[(1, 1, 0), (2, 1, 0, 12), 't']",5.7837345156470725
380,"[(1, 1, 0), (2, 1, 1, 12), 't']",5.7837345156470725
381,"[(1, 1, 0), (2, 1, 2, 12), 't']",5.7837345156470725
382,"[(0, 1, 0), (1, 0, 1, 12), 'ct']",5.784668194877923
383,"[(2, 0, 1), (1, 0, 1, 12), 'ct']",5.7938973966291805
384,"[(1, 1, 0), (2, 0, 0, 12), 't']",5.799061655032376
385,"[(2, 1, 1), (1, 0, 0, 12), 'c']",5.807490645124007
386,"[(0, 0, 0), (1, 1, 1, 12), 'c']",5.852298170064158
387,"[(0, 0, 0), (0, 1, 2, 12), 'c']",5.858207233204086
388,"[(0, 0, 0), (1, 1, 2, 12), 'c']",5.858207233204086
389,"[(0, 0, 0), (2, 1, 0, 12), 'c']",5.858207233204086
390,"[(0, 0, 0), (2, 1, 1, 12), 'c']",5.858207233204086
391,"[(0, 0, 0), (2, 1, 2, 12), 'c']",5.858207233204086
392,"[(1, 0, 2), (1, 0, 0, 12), 'c']",5.877370687267776
393,"[(2, 0, 1), (2, 0, 2, 12), 'ct']",5.882273030237587
394,"[(2, 1, 2), (2, 0, 0, 12), 'c']",5.920873949865349
395,"[(1, 1, 0), (0, 1, 0, 12), 'ct']",5.9330345993066445
396,"[(1, 0, 1), (1, 0, 0, 12), 't']",5.936855239503778
397,"[(1, 0, 2), (1, 0, 1, 12), 'ct']",5.948454806058973
398,"[(2, 1, 2), (1, 0, 0, 12), 'ct']",5.949283029464202
399,"[(2, 0, 1), (1, 0, 0, 12), 'ct']",5.962025379141225
400,"[(2, 0, 1), (2, 0, 1, 12), 'ct']",5.964747326148876
401,"[(1, 1, 1), (2, 0, 1, 12), 't']",5.969135977097102
402,"[(1, 1, 0), (1, 0, 2, 12), 't']",5.975583102041272
403,"[(1, 0, 2), (2, 0, 1, 12), 'ct']",5.977005560207773
404,"[(2, 1, 2), (1, 0, 1, 12), 't']",6.020328783005505
405,"[(1, 1, 0), (1, 0, 2, 12), 'c']",6.020851776820271
406,"[(1, 1, 2), (2, 0, 0, 12), 'c']",6.046363729683172
407,"[(0, 0, 0), (1, 0, 2, 12), 'c']",6.046965620264913
408,"[(0, 0, 2), (1, 0, 1, 12), 't']",6.048714366838635
409,"[(1, 0, 1), (2, 0, 1, 12), 'c']",6.0537128749798335
410,"[(0, 0, 2), (0, 0, 2, 12), 'c']",6.057731811597377
411,"[(0, 0, 1), (0, 0, 1, 12), 't']",6.059824264288602
412,"[(0, 0, 2), (1, 0, 0, 12), 't']",6.069186747282916
413,"[(2, 0, 2), (0, 0, 1, 12), 'c']",6.069943639328145
414,"[(1, 0, 2), (0, 1, 0, 12), 't']",6.075173675471478
415,"[(0, 1, 2), (0, 1, 2, 12), 'c']",6.079966998157254
416,"[(0, 1, 2), (1, 1, 2, 12), 'c']",6.079966998157254
417,"[(0, 1, 2), (2, 1, 2, 12), 'c']",6.079966998157254
418,"[(2, 0, 2), (1, 0, 0, 12), 't']",6.085515631721423
419,"[(0, 0, 1), (0, 1, 0, 12), 't']",6.110613078848155
420,"[(0, 1, 2), (1, 1, 1, 12), 'c']",6.129114724744024
421,"[(1, 0, 1), (1, 0, 1, 12), 't']",6.129535489231746
422,"[(2, 1, 2), (0, 0, 1, 12), 't']",6.129923769233394
423,"[(1, 0, 0), (0, 1, 2, 12), 't']",6.139083576227743
424,"[(1, 0, 0), (1, 1, 2, 12), 't']",6.139083576227743
425,"[(1, 0, 0), (2, 1, 0, 12), 't']",6.139083576227743
426,"[(1, 0, 0), (2, 1, 1, 12), 't']",6.139083576227743
427,"[(1, 0, 0), (2, 1, 2, 12), 't']",6.139083576227743
428,"[(1, 0, 2), (1, 0, 2, 12), 't']",6.143231472710047
429,"[(2, 1, 2), (0, 1, 0, 12), 'c']",6.156234217573991
430,"[(0, 1, 0), (0, 0, 2, 12), 'ct']",6.170798306319486
431,"[(0, 1, 1), (2, 0, 0, 12), 'c']",6.171428512565017
432,"[(1, 0, 2), (1, 0, 1, 12), 't']",6.17351256804491
433,"[(2, 0, 0), (2, 0, 2, 12), 't']",6.177941683122612
434,"[(0, 1, 2), (2, 0, 2, 12), 'c']",6.1847068636320035
435,"[(2, 0, 0), (2, 0, 1, 12), 't']",6.207379255309309
436,"[(2, 0, 2), (0, 1, 1, 12), 'c']",6.216751094611705
437,"[(1, 0, 2), (1, 0, 0, 12), 't']",6.218907414501258
438,"[(1, 0, 1), (2, 0, 1, 12), 'ct']",6.225119452737382
439,"[(1, 0, 0), (1, 0, 2, 12), 'c']",6.225200239798026
440,"[(2, 0, 1), (2, 0, 0, 12), 'c']",6.225412444275837
441,"[(1, 1, 1), (2, 0, 1, 12), 'c']",6.233428311896233
442,"[(2, 1, 2), (1, 0, 1, 12), 'c']",6.245967516173237
443,"[(2, 1, 2), (1, 0, 0, 12), 't']",6.262635516753639
444,"[(0, 0, 2), (1, 0, 0, 12), 'c']",6.2753474777634315
445,"[(2, 0, 1), (0, 1, 1, 12), 'c']",6.281683347534802
446,"[(1, 0, 1), (1, 1, 1, 12), 't']",6.28756951705422
447,"[(2, 1, 2), (0, 0, 1, 12), 'ct']",6.295301046553047
448,"[(2, 0, 2), (0, 0, 1, 12), 'ct']",6.295558391475848
449,"[(0, 0, 0), (0, 1, 0, 12), 'c']",6.297766727423925
450,"[(1, 1, 1), (2, 0, 2, 12), 'c']",6.298122680484294
451,"[(0, 1, 1), (0, 1, 2, 12), 'c']",6.298276885593559
452,"[(0, 1, 1), (1, 1, 2, 12), 'c']",6.298276885593559
453,"[(0, 1, 1), (2, 1, 2, 12), 'c']",6.298276885593559
454,"[(0, 0, 1), (0, 0, 2, 12), 'c']",6.300997825990534
455,"[(1, 1, 1), (2, 0, 0, 12), 't']",6.3155627192846575
456,"[(1, 1, 2), (2, 1, 0, 12), 'c']",6.323392514429373
457,"[(1, 1, 2), (2, 1, 1, 12), 'c']",6.323392514429373
458,"[(2, 0, 1), (0, 0, 1, 12), 't']",6.340661135769158
459,"[(1, 0, 0), (2, 0, 2, 12), 't']",6.344043405428887
460,"[(1, 0, 0), (2, 0, 1, 12), 't']",6.3443509887335265
461,"[(1, 1, 0), (0, 0, 2, 12), 'ct']",6.345850351986947
462,"[(2, 1, 2), (1, 0, 0, 12), 'c']",6.348377924541825
463,"[(2, 0, 1), (0, 1, 1, 12), 't']",6.356368557623418
464,"[(0, 1, 2), (0, 0, 2, 12), 'c']",6.362061259236958
465,"[(0, 1, 2), (0, 1, 0, 12), 'c']",6.367963147881847
466,"[(2, 1, 1), (1, 0, 0, 12), 'ct']",6.401139603780806
467,"[(2, 0, 0), (2, 0, 0, 12), 'c']",6.401677426609808
468,"[(0, 0, 0), (2, 0, 1, 12), 't']",6.405231240889296
469,"[(1, 0, 2), (0, 0, 2, 12), 'c']",6.405716237658559
470,"[(1, 1, 2), (0, 1, 2, 12), 'c']",6.429930411379328
471,"[(1, 1, 2), (1, 1, 2, 12), 'c']",6.429930411379328
472,"[(1, 1, 2), (2, 1, 2, 12), 'c']",6.429930411379328
473,"[(0, 1, 2), (2, 0, 1, 12), 'c']",6.43757095489395
474,"[(2, 1, 1), (0, 0, 1, 12), 'ct']",6.467164763033449
475,"[(0, 0, 0), (0, 0, 2, 12), 't']",6.478173804781643
476,"[(2, 0, 1), (1, 0, 2, 12), 'ct']",6.486528943403437
477,"[(0, 1, 2), (2, 1, 0, 12), 'c']",6.501095213466301
478,"[(0, 1, 2), (2, 1, 1, 12), 'c']",6.501095213466301
479,"[(1, 0, 2), (2, 0, 1, 12), 't']",6.5040739824794365
480,"[(0, 1, 1), (2, 1, 0, 12), 'c']",6.542971097230486
481,"[(0, 1, 1), (2, 1, 1, 12), 'c']",6.542971097230486
482,"[(0, 1, 2), (0, 0, 0, 12), 'ct']",6.547988324941363
483,"[(0, 0, 0), (1, 0, 2, 12), 't']",6.554669784137691
484,"[(0, 1, 2), (0, 1, 2, 12), 't']",6.584173114274399
485,"[(0, 1, 2), (1, 1, 2, 12), 't']",6.584173114274399
486,"[(0, 1, 2), (2, 1, 2, 12), 't']",6.584173114274399
487,"[(0, 0, 0), (2, 0, 2, 12), 't']",6.589625844141773
488,"[(0, 0, 1), (0, 1, 0, 12), 'ct']",6.590436328583847
489,"[(2, 0, 0), (2, 0, 0, 12), 't']",6.596840406705967
490,"[(1, 1, 2), (1, 0, 1, 12), 't']",6.597543153712013
491,"[(1, 0, 1), (2, 0, 0, 12), 't']",6.603185152649501
492,"[(0, 0, 0), (2, 0, 1, 12), 'ct']",6.613899701477626
493,"[(1, 1, 1), (1, 0, 2, 12), 't']",6.642926726333044
494,"[(2, 1, 1), (1, 0, 1, 12), 'c']",6.6545612350299015
495,"[(1, 0, 0), (2, 0, 0, 12), 'ct']",6.6556836757241795
496,"[(0, 0, 2), (0, 0, 1, 12), 't']",6.661772828182279
497,"[(2, 1, 0), (0, 1, 0, 12), 'ct']",6.663380942834846
498,"[(1, 0, 0), (2, 0, 1, 12), 'c']",6.672979524923823
499,"[(1, 0, 0), (2, 0, 2, 12), 'c']",6.676777894546083
500,"[(1, 1, 2), (1, 0, 1, 12), 'c']",6.677443659147151
501,"[(0, 0, 0), (0, 0, 1, 12), 't']",6.697484839632236
502,"[(2, 1, 1), (0, 0, 1, 12), 'c']",6.70005006455224
503,"[(0, 0, 1), (2, 0, 1, 12), 'ct']",6.728158181705382
504,"[(0, 1, 2), (0, 1, 1, 12), 'c']",6.731964711267575
505,"[(2, 1, 1), (0, 0, 1, 12), 't']",6.741362300940829
506,"[(2, 0, 2), (1, 0, 0, 12), 'ct']",6.7419643015267665
507,"[(0, 0, 0), (2, 0, 0, 12), 't']",6.753751510204434
508,"[(2, 0, 0), (0, 1, 0, 12), 'ct']",6.756207086074352
509,"[(1, 0, 2), (0, 0, 2, 12), 't']",6.762384846011937
510,"[(0, 0, 2), (1, 0, 1, 12), 'ct']",6.764066625483064
511,"[(1, 0, 2), (0, 1, 0, 12), 'c']",6.771042775350392
512,"[(2, 1, 2), (2, 0, 0, 12), 't']",6.774692519207226
513,"[(0, 0, 0), (2, 0, 0, 12), 'ct']",6.777502825317693
514,"[(0, 1, 0), (0, 1, 1, 12), 't']",6.794759194349089
515,"[(1, 0, 1), (0, 1, 0, 12), 'ct']",6.817747763347966
516,"[(2, 1, 2), (0, 0, 1, 12), 'c']",6.826280661339002
517,"[(2, 1, 2), (2, 1, 0, 12), 'c']",6.837045697250742
518,"[(2, 1, 2), (2, 1, 1, 12), 'c']",6.837045697250742
519,"[(2, 0, 2), (1, 0, 1, 12), 'ct']",6.838627744927585
520,"[(2, 0, 2), (2, 0, 0, 12), 'c']",6.849316028464512
521,"[(0, 1, 2), (1, 0, 2, 12), 'c']",6.849892142545568
522,"[(1, 0, 2), (1, 1, 1, 12), 'c']",6.854717739534008
523,"[(0, 1, 1), (2, 0, 1, 12), 'c']",6.916692294030762
524,"[(0, 0, 1), (2, 0, 1, 12), 't']",6.919254208661309
525,"[(2, 1, 2), (0, 1, 2, 12), 'c']",6.91999605246841
526,"[(2, 1, 2), (1, 1, 2, 12), 'c']",6.91999605246841
527,"[(2, 1, 2), (2, 1, 2, 12), 'c']",6.91999605246841
528,"[(0, 1, 0), (2, 0, 2, 12), 'ct']",6.922879042324356
529,"[(0, 0, 2), (1, 0, 2, 12), 'c']",6.926553171828992
530,"[(2, 0, 2), (2, 0, 2, 12), 't']",6.93408272387898
531,"[(2, 1, 1), (1, 0, 1, 12), 't']",6.942947962178472
532,"[(0, 1, 0), (2, 0, 1, 12), 'c']",6.952725630649851
533,"[(0, 1, 0), (2, 0, 0, 12), 'c']",6.953222885827224
534,"[(0, 0, 0), (2, 0, 2, 12), 'c']",6.984686170789154
535,"[(0, 1, 2), (1, 1, 0, 12), 'c']",6.989880237703915
536,"[(1, 0, 0), (2, 0, 0, 12), 'c']",6.9943801568167885
537,"[(0, 1, 1), (2, 0, 0, 12), 't']",6.999438987586097
538,"[(0, 1, 2), (2, 1, 0, 12), 't']",7.018617786939844
539,"[(0, 1, 2), (2, 1, 1, 12), 't']",7.018617786939844
540,"[(0, 0, 1), (2, 0, 2, 12), 'c']",7.02623897469485
541,"[(0, 0, 2), (2, 0, 1, 12), 't']",7.033164168877362
542,"[(0, 0, 2), (0, 0, 0, 12), 'c']",7.036169731304561
543,"[(0, 1, 2), (2, 0, 0, 12), 't']",7.041376846752509
544,"[(2, 1, 1), (0, 1, 0, 12), 'ct']",7.067345796870815
545,"[(0, 1, 0), (2, 0, 0, 12), 't']",7.095826625024851
546,"[(0, 1, 0), (1, 0, 2, 12), 'ct']",7.107878256797861
547,"[(0, 0, 1), (2, 0, 0, 12), 'ct']",7.136709293143718
548,"[(0, 0, 1), (2, 0, 0, 12), 't']",7.151266323141999
549,"[(1, 1, 0), (0, 1, 1, 12), 't']",7.204959152314363
550,"[(0, 1, 1), (2, 0, 2, 12), 'c']",7.239241230352026
551,"[(1, 0, 2), (2, 0, 0, 12), 't']",7.25731555076366
552,"[(2, 1, 0), (0, 1, 2, 12), 't']",7.263982996394063
553,"[(2, 1, 0), (1, 1, 2, 12), 't']",7.263982996394063
554,"[(2, 1, 0), (2, 1, 0, 12), 't']",7.2639829963943505
555,"[(2, 1, 0), (2, 1, 1, 12), 't']",7.2639829963943505
556,"[(2, 1, 0), (2, 1, 2, 12), 't']",7.2639829963943505
557,"[(0, 1, 1), (2, 0, 1, 12), 't']",7.280700301738436
558,"[(1, 0, 2), (2, 0, 2, 12), 'c']",7.306171742026475
559,"[(1, 1, 1), (0, 1, 0, 12), 'ct']",7.33218198867824
560,"[(1, 1, 0), (1, 1, 1, 12), 't']",7.360633358123273
561,"[(0, 1, 1), (0, 1, 1, 12), 'c']",7.370957182081575
562,"[(0, 1, 0), (2, 0, 1, 12), 't']",7.378612074740209
563,"[(0, 1, 0), (1, 1, 1, 12), 't']",7.3794919476486465
564,"[(1, 1, 2), (1, 1, 1, 12), 'c']",7.418823081658016
565,"[(0, 1, 2), (2, 0, 1, 12), 'ct']",7.420897112031567
566,"[(1, 0, 0), (2, 0, 0, 12), 't']",7.4284827498363715
567,"[(0, 1, 0), (0, 1, 1, 12), 'c']",7.428756254380137
568,"[(2, 0, 1), (0, 1, 0, 12), 'ct']",7.461592656851193
569,"[(0, 0, 2), (2, 0, 0, 12), 't']",7.4914582535059315
570,"[(1, 1, 2), (1, 0, 2, 12), 'c']",7.4917924095971635
571,"[(2, 0, 0), (1, 1, 1, 12), 't']",7.509649573052454
572,"[(0, 0, 1), (1, 0, 2, 12), 'c']",7.539924949285055
573,"[(0, 0, 0), (0, 1, 1, 12), 'ct']",7.593236245690625
574,"[(0, 0, 2), (2, 0, 1, 12), 'c']",7.600881614841199
575,"[(0, 1, 2), (2, 0, 0, 12), 'c']",7.609614800371127
576,"[(1, 0, 2), (0, 1, 0, 12), 'ct']",7.622448594603877
577,"[(1, 1, 0), (1, 0, 2, 12), 'ct']",7.633322075990893
578,"[(0, 0, 2), (2, 0, 0, 12), 'c']",7.659538846702545
579,"[(0, 0, 2), (1, 1, 0, 12), 't']",7.666421431121414
580,"[(1, 1, 2), (0, 1, 1, 12), 'c']",7.6805437604048015
581,"[(2, 0, 2), (2, 0, 0, 12), 't']",7.7111943715222955
582,"[(0, 1, 2), (1, 1, 0, 12), 't']",7.717109461484254
583,"[(0, 1, 1), (0, 1, 0, 12), 'ct']",7.738129593687148
584,"[(2, 0, 2), (1, 0, 1, 12), 't']",7.740604456888246
585,"[(2, 1, 1), (0, 1, 2, 12), 'c']",7.747631967108579
586,"[(2, 1, 1), (1, 1, 2, 12), 'c']",7.747631967108579
587,"[(2, 1, 1), (2, 1, 0, 12), 'c']",7.747631967108579
588,"[(2, 1, 1), (2, 1, 1, 12), 'c']",7.747631967108579
589,"[(2, 1, 1), (2, 1, 2, 12), 'c']",7.747631967108579
590,"[(0, 1, 1), (0, 0, 2, 12), 'ct']",7.769005724919087
591,"[(1, 1, 2), (2, 0, 1, 12), 'ct']",7.803410021888735
592,"[(0, 1, 1), (1, 1, 1, 12), 'c']",7.813300380336095
593,"[(2, 1, 1), (1, 1, 1, 12), 'c']",7.86164491964028
594,"[(0, 1, 0), (2, 0, 0, 12), 'ct']",7.87223134898025
595,"[(0, 1, 2), (0, 1, 1, 12), 't']",7.894629523184173
596,"[(2, 0, 1), (2, 0, 0, 12), 'ct']",7.921029060613324
597,"[(1, 1, 2), (2, 0, 0, 12), 't']",7.929763340934493
598,"[(1, 0, 2), (0, 0, 1, 12), 't']",7.933689604942313
599,"[(2, 0, 2), (2, 0, 2, 12), 'c']",7.946936395352488
600,"[(0, 1, 1), (1, 0, 2, 12), 'ct']",7.985208460696704
601,"[(0, 1, 0), (1, 1, 1, 12), 'c']",8.00017675778008
602,"[(2, 1, 0), (2, 0, 2, 12), 't']",8.035658105688366
603,"[(2, 0, 2), (0, 0, 1, 12), 't']",8.067367172597116
604,"[(0, 1, 2), (2, 0, 0, 12), 'ct']",8.070023876648666
605,"[(1, 0, 2), (2, 0, 2, 12), 't']",8.102987823043085
606,"[(1, 1, 1), (1, 0, 2, 12), 'c']",8.123922823613444
607,"[(0, 1, 0), (2, 0, 1, 12), 'ct']",8.125544974962416
608,"[(0, 0, 1), (0, 0, 2, 12), 't']",8.131575326848445
609,"[(0, 1, 1), (2, 0, 1, 12), 'ct']",8.132519683307834
610,"[(0, 0, 1), (0, 0, 0, 12), 'c']",8.169249356673603
611,"[(2, 1, 0), (2, 0, 1, 12), 't']",8.199376545873804
612,"[(1, 0, 1), (0, 1, 1, 12), 't']",8.21085775214635
613,"[(0, 0, 1), (2, 0, 2, 12), 't']",8.29830707039205
614,"[(0, 0, 1), (2, 0, 1, 12), 'c']",8.355049755409263
615,"[(1, 0, 1), (1, 1, 0, 12), 't']",8.377261747997027
616,"[(2, 1, 1), (2, 0, 2, 12), 'c']",8.41517577148606
617,"[(0, 0, 1), (2, 0, 0, 12), 'c']",8.41788199198055
618,"[(0, 0, 2), (2, 0, 2, 12), 'c']",8.424306127741579
619,"[(0, 1, 1), (2, 0, 0, 12), 'ct']",8.426171419450602
620,"[(2, 1, 1), (2, 0, 1, 12), 'c']",8.463403388632814
621,"[(0, 0, 0), (2, 0, 1, 12), 'c']",8.550852431011961
622,"[(0, 0, 0), (0, 1, 0, 12), 't']",8.560517443791637
623,"[(0, 0, 0), (2, 0, 0, 12), 'c']",8.56827232684577
624,"[(0, 1, 2), (1, 1, 1, 12), 't']",8.568343430016265
625,"[(1, 0, 0), (0, 1, 1, 12), 'c']",8.572893377624423
626,"[(1, 1, 1), (2, 0, 1, 12), 'ct']",8.599585385800602
627,"[(1, 0, 2), (1, 1, 0, 12), 'c']",8.624635985504652
628,"[(1, 1, 0), (1, 1, 0, 12), 't']",8.634558257923674
629,"[(0, 1, 2), (0, 0, 2, 12), 'ct']",8.705467259690298
630,"[(0, 0, 1), (1, 0, 2, 12), 't']",8.755485322329918
631,"[(0, 1, 0), (2, 1, 0, 12), 'ct']",8.836652414562684
632,"[(0, 1, 0), (2, 1, 1, 12), 'ct']",8.836652414562684
633,"[(0, 1, 0), (0, 1, 2, 12), 'ct']",8.836652414563062
634,"[(0, 1, 0), (1, 1, 2, 12), 'ct']",8.836652414563062
635,"[(0, 1, 0), (2, 1, 2, 12), 'ct']",8.836652414563062
636,"[(2, 1, 0), (1, 0, 2, 12), 't']",8.854649638268528
637,"[(0, 0, 0), (1, 1, 1, 12), 'ct']",8.918851372484143
638,"[(0, 1, 0), (1, 1, 0, 12), 'c']",8.927344549631316
639,"[(1, 0, 1), (0, 0, 2, 12), 'ct']",8.928409066360524
640,"[(2, 0, 0), (1, 0, 2, 12), 'ct']",8.934648766583152
641,"[(1, 1, 1), (1, 1, 1, 12), 'ct']",8.960712996924856
642,"[(0, 0, 1), (1, 1, 0, 12), 't']",9.073368829897237
643,"[(1, 0, 0), (1, 1, 1, 12), 't']",9.08290292293499
644,"[(2, 1, 0), (1, 0, 2, 12), 'c']",9.16122577318998
645,"[(2, 1, 2), (1, 1, 0, 12), 'c']",9.233730389442895
646,"[(2, 0, 0), (0, 1, 1, 12), 'c']",9.276276672183819
647,"[(1, 1, 0), (0, 1, 1, 12), 'c']",9.287276357211041
648,"[(1, 0, 0), (0, 1, 1, 12), 't']",9.30609665440891
649,"[(0, 0, 0), (1, 1, 0, 12), 't']",9.451819609964204
650,"[(2, 0, 2), (2, 0, 1, 12), 't']",9.592754021251436
651,"[(0, 1, 2), (1, 0, 2, 12), 't']",9.627709400901244
652,"[(0, 0, 2), (0, 1, 0, 12), 'ct']",9.639886456850759
653,"[(0, 0, 2), (0, 0, 2, 12), 't']",9.665136667191351
654,"[(0, 0, 1), (0, 0, 0, 12), 't']",9.686661318684914
655,"[(1, 0, 1), (1, 1, 0, 12), 'c']",9.711776291096475
656,"[(1, 1, 1), (0, 1, 1, 12), 'ct']",9.729718425178561
657,"[(0, 1, 1), (2, 0, 2, 12), 't']",9.767749461913608
658,"[(0, 1, 0), (0, 1, 1, 12), 'ct']",9.774114692700483
659,"[(0, 0, 2), (1, 0, 2, 12), 't']",9.77499640671859
660,"[(1, 1, 2), (0, 0, 2, 12), 'ct']",9.931964568443723
661,"[(0, 0, 2), (0, 0, 0, 12), 't']",9.987487677418885
662,"[(1, 1, 1), (1, 0, 2, 12), 'ct']",10.010407144480347
663,"[(1, 1, 0), (1, 1, 1, 12), 'c']",10.04023317280092
664,"[(1, 0, 1), (2, 0, 1, 12), 't']",10.046641932342164
665,"[(2, 1, 0), (0, 0, 2, 12), 'ct']",10.077555991014648
666,"[(1, 0, 0), (1, 1, 1, 12), 'c']",10.13013444051862
667,"[(0, 0, 2), (2, 0, 2, 12), 't']",10.173056869821488
668,"[(2, 0, 1), (1, 1, 1, 12), 'c']",10.222075616082114
669,"[(1, 0, 2), (0, 1, 1, 12), 't']",10.3034544685471
670,"[(2, 1, 2), (1, 0, 2, 12), 'c']",10.342142716801778
671,"[(2, 1, 2), (2, 0, 0, 12), 'ct']",10.354457557981352
672,"[(2, 1, 2), (2, 0, 2, 12), 'ct']",10.381327894731834
673,"[(2, 0, 0), (0, 1, 1, 12), 't']",10.38142151064546
674,"[(0, 1, 0), (1, 1, 1, 12), 'ct']",10.381548281708078
675,"[(0, 0, 0), (1, 1, 0, 12), 'ct']",10.38548581098366
676,"[(2, 1, 1), (0, 1, 2, 12), 't']",10.386685106654419
677,"[(2, 1, 1), (1, 1, 2, 12), 't']",10.386685106654419
678,"[(2, 1, 1), (2, 1, 0, 12), 't']",10.386685106654419
679,"[(2, 1, 1), (2, 1, 1, 12), 't']",10.386685106654419
680,"[(2, 1, 1), (2, 1, 2, 12), 't']",10.386685106654419
681,"[(2, 0, 0), (1, 1, 1, 12), 'c']",10.432435207446458
682,"[(2, 0, 2), (2, 1, 0, 12), 't']",10.546637800265877
683,"[(2, 0, 2), (2, 1, 1, 12), 't']",10.546637800265877
684,"[(0, 1, 0), (1, 1, 0, 12), 'ct']",10.555714424452537
685,"[(2, 0, 2), (0, 1, 2, 12), 't']",10.57096644351103
686,"[(2, 0, 2), (1, 1, 2, 12), 't']",10.57096644351103
687,"[(2, 0, 2), (2, 1, 2, 12), 't']",10.57096644351103
688,"[(1, 1, 0), (1, 1, 0, 12), 'c']",10.660602369097825
689,"[(0, 1, 1), (2, 0, 2, 12), 'ct']",10.684582946710961
690,"[(1, 1, 0), (2, 0, 2, 12), 't']",10.708588343368175
691,"[(1, 1, 0), (2, 0, 1, 12), 't']",10.708796023913761
692,"[(0, 0, 0), (0, 1, 1, 12), 't']",10.795369542041463
693,"[(0, 1, 2), (1, 0, 2, 12), 'ct']",10.87967213401772
694,"[(1, 1, 1), (1, 1, 0, 12), 'ct']",10.884462839165685
695,"[(1, 0, 2), (0, 0, 2, 12), 'ct']",10.959899351897489
696,"[(0, 0, 0), (0, 0, 0, 12), 'c']",11.001237407175136
697,"[(0, 0, 0), (0, 1, 2, 12), 'ct']",11.088095107993025
698,"[(0, 0, 0), (1, 1, 2, 12), 'ct']",11.088095107993025
699,"[(0, 0, 0), (2, 1, 0, 12), 'ct']",11.088095107993025
700,"[(0, 0, 0), (2, 1, 1, 12), 'ct']",11.088095107993025
701,"[(0, 0, 0), (2, 1, 2, 12), 'ct']",11.088095107993025
702,"[(2, 1, 2), (2, 0, 1, 12), 't']",11.145803413508714
703,"[(2, 1, 0), (1, 0, 2, 12), 'ct']",11.155471124818511
704,"[(0, 0, 1), (1, 1, 1, 12), 't']",11.167198314956112
705,"[(1, 1, 1), (0, 1, 2, 12), 'ct']",11.173540423879308
706,"[(1, 1, 1), (1, 1, 2, 12), 'ct']",11.173540423879308
707,"[(1, 1, 1), (2, 1, 2, 12), 'ct']",11.173540423879308
708,"[(2, 1, 0), (2, 0, 1, 12), 'ct']",11.218634756255888
709,"[(2, 1, 0), (2, 0, 2, 12), 'ct']",11.225967855048742
710,"[(1, 0, 0), (1, 1, 0, 12), 'c']",11.227703361645402
711,"[(1, 1, 1), (0, 1, 2, 12), 't']",11.353798447342884
712,"[(1, 1, 1), (1, 1, 2, 12), 't']",11.353798447342884
713,"[(1, 1, 1), (2, 1, 2, 12), 't']",11.353798447342884
714,"[(1, 1, 0), (1, 1, 1, 12), 'ct']",11.637287295321553
715,"[(1, 1, 1), (2, 1, 0, 12), 'ct']",11.656239847471246
716,"[(1, 1, 1), (2, 1, 1, 12), 'ct']",11.656239847471246
717,"[(0, 0, 0), (1, 1, 1, 12), 't']",11.713900797066326
718,"[(0, 1, 1), (0, 1, 2, 12), 'ct']",11.748395692189288
719,"[(0, 1, 1), (1, 1, 2, 12), 'ct']",11.748395692189288
720,"[(0, 1, 1), (2, 1, 2, 12), 'ct']",11.748395692189288
721,"[(1, 1, 1), (2, 1, 0, 12), 't']",11.800737142476281
722,"[(1, 1, 1), (2, 1, 1, 12), 't']",11.800737142476281
723,"[(0, 0, 1), (0, 1, 1, 12), 't']",11.853522600648706
724,"[(0, 1, 1), (0, 1, 1, 12), 'ct']",11.897366597713182
725,"[(0, 0, 0), (0, 0, 0, 12), 't']",12.11389631736543
726,"[(1, 0, 0), (1, 1, 0, 12), 't']",12.11967591155383
727,"[(1, 0, 2), (1, 1, 0, 12), 't']",12.129342511029494
728,"[(1, 0, 2), (1, 1, 1, 12), 't']",12.181899063460868
729,"[(1, 1, 0), (0, 1, 1, 12), 'ct']",12.35219795262585
730,"[(1, 1, 0), (0, 1, 2, 12), 'ct']",12.367909664855576
731,"[(1, 1, 0), (1, 1, 2, 12), 'ct']",12.367909664855576
732,"[(1, 1, 0), (2, 1, 0, 12), 'ct']",12.367909664855576
733,"[(1, 1, 0), (2, 1, 1, 12), 'ct']",12.367909664855576
734,"[(1, 1, 0), (2, 1, 2, 12), 'ct']",12.367909664855576
735,"[(1, 0, 2), (0, 1, 2, 12), 't']",12.416016863972311
736,"[(1, 0, 2), (1, 1, 2, 12), 't']",12.416016863972311
737,"[(1, 0, 2), (2, 1, 2, 12), 't']",12.416016863972311
738,"[(1, 0, 0), (1, 1, 0, 12), 'ct']",12.427088933794561
739,"[(1, 1, 2), (1, 1, 0, 12), 'c']",12.563579675945302
740,"[(0, 1, 1), (0, 1, 2, 12), 't']",12.61769382242417
741,"[(0, 1, 1), (1, 1, 2, 12), 't']",12.61769382242417
742,"[(0, 1, 1), (2, 1, 2, 12), 't']",12.61769382242417
743,"[(1, 1, 0), (1, 1, 0, 12), 'ct']",12.635734003096783
744,"[(1, 0, 0), (0, 1, 1, 12), 'ct']",12.740983455338066
745,"[(2, 1, 2), (0, 0, 2, 12), 'c']",12.766459480253731
746,"[(1, 0, 2), (2, 1, 0, 12), 't']",12.920763085435462
747,"[(1, 0, 2), (2, 1, 1, 12), 't']",12.920763085435462
748,"[(2, 1, 1), (0, 1, 1, 12), 'c']",12.921487839017841
749,"[(0, 1, 1), (1, 1, 1, 12), 'ct']",12.96005547527557
750,"[(2, 0, 2), (0, 1, 1, 12), 't']",12.996266414387437
751,"[(0, 1, 1), (2, 1, 0, 12), 'ct']",13.040974449423219
752,"[(0, 1, 1), (2, 1, 1, 12), 'ct']",13.040974449423219
753,"[(2, 1, 1), (2, 0, 0, 12), 'ct']",13.120130598627448
754,"[(1, 1, 0), (2, 0, 1, 12), 'ct']",13.153007040246889
755,"[(1, 1, 1), (0, 1, 1, 12), 'c']",13.27197211791753
756,"[(2, 1, 1), (2, 0, 0, 12), 'c']",13.327032705041132
757,"[(2, 1, 1), (0, 1, 1, 12), 't']",13.358935219304643
758,"[(2, 0, 2), (1, 1, 1, 12), 't']",13.43179992021034
759,"[(0, 0, 2), (1, 1, 1, 12), 't']",13.447085151574345
760,"[(0, 1, 2), (2, 0, 2, 12), 't']",13.848446671363003
761,"[(2, 1, 2), (2, 0, 1, 12), 'ct']",13.902600548841868
762,"[(2, 1, 0), (1, 1, 0, 12), 't']",13.995861766695684
763,"[(0, 1, 1), (1, 1, 0, 12), 'ct']",14.091763797105015
764,"[(0, 1, 2), (2, 0, 2, 12), 'ct']",14.138522685308656
765,"[(1, 1, 2), (2, 0, 0, 12), 'ct']",14.304257374136501
766,"[(0, 1, 1), (2, 1, 0, 12), 't']",14.362937820524118
767,"[(0, 1, 1), (2, 1, 1, 12), 't']",14.362937820524118
768,"[(2, 1, 1), (1, 1, 0, 12), 'c']",14.542160885104751
769,"[(0, 0, 2), (0, 1, 1, 12), 't']",14.912037066067379
770,"[(1, 1, 2), (1, 0, 2, 12), 'ct']",14.943841459319794
771,"[(2, 0, 0), (1, 1, 0, 12), 'c']",14.984263600170562
772,"[(1, 1, 2), (2, 1, 0, 12), 't']",15.06382377738555
773,"[(1, 1, 2), (2, 1, 1, 12), 't']",15.06382377738555
774,"[(1, 1, 2), (0, 1, 2, 12), 't']",15.103193039263461
775,"[(1, 1, 2), (1, 1, 2, 12), 't']",15.103193039263461
776,"[(1, 1, 2), (2, 1, 2, 12), 't']",15.103193039263461
777,"[(1, 1, 1), (1, 1, 0, 12), 'c']",15.170822557976257
778,"[(1, 1, 2), (0, 0, 2, 12), 'c']",15.181098195528703
779,"[(1, 1, 1), (2, 0, 2, 12), 'ct']",15.21075446835942
780,"[(0, 0, 1), (2, 1, 0, 12), 't']",15.69165545420078
781,"[(0, 0, 1), (2, 1, 1, 12), 't']",15.69165545420078
782,"[(1, 1, 2), (1, 0, 2, 12), 't']",15.768887041698179
783,"[(2, 1, 2), (0, 0, 2, 12), 't']",16.060516978949046
784,"[(2, 1, 1), (1, 1, 0, 12), 'ct']",16.108178058194408
785,"[(1, 0, 0), (0, 1, 2, 12), 'ct']",16.281023320770288
786,"[(1, 0, 0), (1, 1, 2, 12), 'ct']",16.281023320770288
787,"[(1, 0, 0), (2, 1, 0, 12), 'ct']",16.281023320770288
788,"[(1, 0, 0), (2, 1, 1, 12), 'ct']",16.281023320770288
789,"[(1, 0, 0), (2, 1, 2, 12), 'ct']",16.281023320770288
790,"[(2, 1, 0), (0, 1, 2, 12), 'ct']",16.50917439175743
791,"[(2, 1, 0), (1, 1, 2, 12), 'ct']",16.50917439175743
792,"[(2, 1, 0), (2, 1, 0, 12), 'ct']",16.509174391759146
793,"[(2, 1, 0), (2, 1, 1, 12), 'ct']",16.509174391759146
794,"[(2, 1, 0), (2, 1, 2, 12), 'ct']",16.509174391759146
795,"[(2, 0, 2), (1, 1, 0, 12), 't']",16.89492090665246
796,"[(0, 0, 2), (2, 1, 0, 12), 't']",17.186669467007437
797,"[(0, 0, 2), (2, 1, 1, 12), 't']",17.186669467007437
798,"[(2, 1, 1), (0, 1, 2, 12), 'ct']",17.26744691002112
799,"[(2, 1, 1), (1, 1, 2, 12), 'ct']",17.26744691002112
800,"[(2, 1, 1), (2, 1, 0, 12), 'ct']",17.26744691002112
801,"[(2, 1, 1), (2, 1, 1, 12), 'ct']",17.26744691002112
802,"[(2, 1, 1), (2, 1, 2, 12), 'ct']",17.26744691002112
803,"[(0, 0, 2), (1, 1, 0, 12), 'ct']",17.34950922925489
804,"[(0, 0, 1), (0, 1, 2, 12), 't']",17.486925589946743
805,"[(0, 0, 1), (1, 1, 2, 12), 't']",17.486925589946743
806,"[(0, 0, 1), (2, 1, 2, 12), 't']",17.486925589946743
807,"[(2, 1, 0), (1, 1, 0, 12), 'ct']",17.497948932553875
808,"[(2, 1, 1), (2, 0, 1, 12), 't']",17.53736010673198
809,"[(2, 1, 0), (1, 1, 1, 12), 'c']",17.76995165835444
810,"[(2, 1, 2), (1, 1, 1, 12), 'c']",17.92814856213647
811,"[(0, 0, 0), (0, 1, 2, 12), 't']",17.956461597441013
812,"[(0, 0, 0), (1, 1, 2, 12), 't']",17.956461597441013
813,"[(0, 0, 0), (2, 1, 0, 12), 't']",17.956461597441013
814,"[(0, 0, 0), (2, 1, 1, 12), 't']",17.956461597441013
815,"[(0, 0, 0), (2, 1, 2, 12), 't']",17.956461597441013
816,"[(2, 0, 0), (0, 1, 1, 12), 'ct']",18.4808433279053
817,"[(2, 1, 2), (2, 0, 2, 12), 't']",18.555718441032468
818,"[(0, 0, 2), (0, 1, 2, 12), 't']",18.834700453353914
819,"[(0, 0, 2), (1, 1, 2, 12), 't']",18.834700453353914
820,"[(0, 0, 2), (2, 1, 2, 12), 't']",18.834700453353914
821,"[(2, 1, 1), (2, 0, 1, 12), 'ct']",18.86720482262603
822,"[(0, 0, 2), (0, 1, 1, 12), 'ct']",19.34174772430241
823,"[(2, 1, 1), (2, 0, 0, 12), 't']",19.470053620745887
824,"[(0, 0, 2), (1, 1, 1, 12), 'ct']",19.577416713471766
825,"[(2, 1, 1), (2, 0, 2, 12), 't']",19.675069605348614
826,"[(2, 1, 1), (1, 1, 1, 12), 'ct']",19.901466666207355
827,"[(1, 1, 1), (0, 1, 1, 12), 't']",19.98490850219261
828,"[(1, 1, 1), (0, 0, 2, 12), 't']",20.339365910455626
829,"[(1, 1, 2), (0, 1, 1, 12), 't']",20.455018999620282
830,"[(1, 0, 2), (2, 0, 2, 12), 'ct']",20.51782187592373
831,"[(1, 1, 1), (1, 1, 1, 12), 't']",20.728815321635714
832,"[(1, 1, 1), (1, 1, 0, 12), 't']",20.804022800244017
833,"[(1, 1, 1), (0, 0, 2, 12), 'ct']",20.97547564159471
834,"[(2, 1, 0), (1, 1, 0, 12), 'c']",21.001397773985133
835,"[(2, 1, 1), (2, 0, 2, 12), 'ct']",21.522809170127697
836,"[(2, 1, 0), (0, 1, 1, 12), 'c']",21.540118220330005
837,"[(1, 1, 1), (0, 0, 2, 12), 'c']",21.633546348912038
838,"[(1, 1, 2), (1, 1, 1, 12), 't']",21.7823927441929
839,"[(2, 1, 2), (1, 0, 2, 12), 't']",21.824525397153966
840,"[(2, 1, 2), (0, 0, 2, 12), 'ct']",22.117449994552164
841,"[(0, 0, 2), (2, 1, 0, 12), 'ct']",22.46339389661013
842,"[(0, 0, 2), (2, 1, 1, 12), 'ct']",22.46339389661013
843,"[(0, 1, 1), (1, 1, 0, 12), 't']",22.69937719534801
844,"[(0, 1, 1), (0, 1, 1, 12), 't']",22.911635202052036
845,"[(2, 1, 0), (1, 1, 1, 12), 'ct']",23.007844836628234
846,"[(2, 1, 2), (0, 1, 1, 12), 'c']",23.09288939791572
847,"[(0, 1, 1), (1, 1, 1, 12), 't']",23.229952981784635
848,"[(0, 0, 2), (0, 1, 2, 12), 'ct']",24.523907931537778
849,"[(0, 0, 2), (1, 1, 2, 12), 'ct']",24.523907931537778
850,"[(0, 0, 2), (2, 1, 2, 12), 'ct']",24.523907931537778
851,"[(2, 1, 1), (0, 1, 1, 12), 'ct']",24.99905960384053
852,"[(1, 0, 1), (2, 0, 2, 12), 'c']",25.726407232588432
853,"[(2, 0, 0), (0, 1, 2, 12), 'ct']",25.803898727890832
854,"[(2, 0, 0), (1, 1, 2, 12), 'ct']",25.803898727890832
855,"[(2, 0, 0), (2, 1, 0, 12), 'ct']",25.803898727890903
856,"[(2, 0, 0), (2, 1, 1, 12), 'ct']",25.803898727890903
857,"[(2, 0, 0), (2, 1, 2, 12), 'ct']",25.803898727890903
858,"[(0, 0, 1), (1, 1, 0, 12), 'ct']",25.98875236555457
859,"[(2, 0, 0), (1, 1, 0, 12), 'ct']",26.052960113878044
860,"[(1, 0, 1), (1, 1, 0, 12), 'ct']",26.172427438949605
861,"[(2, 1, 2), (2, 1, 0, 12), 't']",27.688257887292288
862,"[(2, 1, 2), (2, 1, 1, 12), 't']",27.688257887292288
863,"[(2, 1, 2), (0, 1, 2, 12), 't']",27.737640938220057
864,"[(2, 1, 2), (1, 1, 2, 12), 't']",27.737640938220057
865,"[(2, 1, 2), (2, 1, 2, 12), 't']",27.737640938220057
866,"[(2, 1, 2), (0, 1, 0, 12), 'ct']",28.318265731173778
867,"[(2, 1, 0), (2, 0, 0, 12), 't']",28.82442526617653
868,"[(1, 0, 1), (0, 1, 1, 12), 'ct']",28.956319632205073
869,"[(1, 0, 1), (1, 1, 1, 12), 'ct']",29.424302762193815
870,"[(1, 1, 2), (0, 0, 2, 12), 't']",29.82271919509977
871,"[(2, 1, 1), (0, 0, 2, 12), 't']",29.827268559564725
872,"[(1, 1, 2), (2, 0, 2, 12), 'ct']",30.799855009836694
873,"[(0, 0, 1), (0, 1, 1, 12), 'ct']",31.40503273391761
874,"[(0, 0, 1), (1, 1, 1, 12), 'ct']",31.640948227299262
875,"[(2, 1, 2), (1, 0, 2, 12), 'ct']",31.862954340369242
876,"[(2, 1, 1), (0, 0, 2, 12), 'ct']",32.54673436675265
877,"[(2, 1, 0), (0, 1, 1, 12), 't']",33.05525819590205
878,"[(1, 1, 2), (2, 0, 2, 12), 't']",34.15164313245295
879,"[(0, 0, 1), (0, 1, 2, 12), 'ct']",35.578494959834764
880,"[(0, 0, 1), (1, 1, 2, 12), 'ct']",35.578494959834764
881,"[(0, 0, 1), (2, 1, 2, 12), 'ct']",35.578494959834764
882,"[(0, 0, 1), (2, 1, 0, 12), 'ct']",36.246946623054306
883,"[(0, 0, 1), (2, 1, 1, 12), 'ct']",36.246946623054306
884,"[(2, 1, 1), (0, 0, 2, 12), 'c']",36.35674456101344
885,"[(1, 0, 1), (2, 1, 0, 12), 'ct']",39.41373987941538
886,"[(1, 0, 1), (2, 1, 1, 12), 'ct']",39.41373987941538
887,"[(2, 1, 2), (0, 1, 1, 12), 't']",39.437023951360075
888,"[(2, 1, 2), (1, 1, 0, 12), 't']",39.66476376506667
889,"[(1, 0, 1), (0, 1, 2, 12), 'ct']",40.3105460366225
890,"[(1, 0, 1), (1, 1, 2, 12), 'ct']",40.3105460366225
891,"[(1, 0, 1), (2, 1, 2, 12), 'ct']",40.3105460366225
892,"[(2, 0, 1), (0, 1, 2, 12), 'ct']",41.57680429261071
893,"[(2, 0, 1), (1, 1, 2, 12), 'ct']",41.57680429261071
894,"[(2, 0, 1), (2, 1, 0, 12), 'ct']",41.57680429261071
895,"[(2, 0, 1), (2, 1, 1, 12), 'ct']",41.57680429261071
896,"[(2, 0, 1), (2, 1, 2, 12), 'ct']",41.57680429261071
897,"[(2, 0, 2), (0, 1, 1, 12), 'ct']",41.79264140575276
898,"[(2, 0, 2), (1, 1, 1, 12), 'ct']",42.30499124544639
899,"[(2, 1, 1), (1, 0, 2, 12), 'ct']",43.01133894480329
900,"[(2, 1, 1), (1, 0, 2, 12), 't']",43.01694918368036
901,"[(2, 1, 0), (0, 1, 1, 12), 'ct']",43.50033934581919
902,"[(2, 1, 2), (2, 1, 0, 12), 'ct']",45.47395928802559
903,"[(2, 1, 2), (2, 1, 1, 12), 'ct']",45.47395928802559
904,"[(2, 1, 2), (0, 1, 2, 12), 'ct']",46.884004251407966
905,"[(2, 1, 2), (1, 1, 2, 12), 'ct']",46.884004251407966
906,"[(2, 1, 2), (2, 1, 2, 12), 'ct']",46.884004251407966
907,"[(2, 1, 1), (1, 0, 2, 12), 'c']",47.42915980197128
908,"[(2, 0, 1), (1, 1, 0, 12), 'ct']",47.934992137030434
909,"[(2, 0, 2), (0, 1, 0, 12), 'ct']",48.18301239547331
910,"[(2, 0, 1), (1, 1, 1, 12), 'ct']",51.39476543270913
911,"[(2, 0, 1), (0, 1, 1, 12), 'ct']",51.4830455523054
912,"[(2, 1, 2), (2, 0, 2, 12), 'c']",54.037724852744425
913,"[(1, 1, 2), (2, 0, 2, 12), 'c']",55.65665547911918
914,"[(2, 0, 2), (1, 0, 2, 12), 'c']",55.76494322712713
915,"[(1, 0, 2), (2, 1, 0, 12), 'ct']",60.56070853420626
916,"[(1, 0, 2), (2, 1, 1, 12), 'ct']",60.56070853420626
917,"[(1, 0, 2), (0, 1, 2, 12), 'ct']",61.85966416084969
918,"[(1, 0, 2), (1, 1, 2, 12), 'ct']",61.85966416084969
919,"[(1, 0, 2), (2, 1, 2, 12), 'ct']",61.85966416084969
920,"[(2, 0, 2), (1, 1, 0, 12), 'ct']",63.86173769389832
921,"[(1, 0, 2), (1, 1, 0, 12), 'ct']",65.68783895723843
922,"[(1, 0, 2), (0, 1, 1, 12), 'ct']",66.43993978801274
923,"[(1, 0, 2), (1, 1, 1, 12), 'ct']",66.8378155371767
924,"[(1, 1, 2), (0, 1, 2, 12), 'ct']",79.57392147609426
925,"[(1, 1, 2), (1, 1, 2, 12), 'ct']",79.57392147609426
926,"[(1, 1, 2), (2, 1, 2, 12), 'ct']",79.57392147609426
927,"[(1, 1, 2), (2, 1, 0, 12), 'ct']",84.42536177079863
928,"[(1, 1, 2), (2, 1, 1, 12), 'ct']",84.42536177079863
929,"[(0, 1, 2), (0, 1, 2, 12), 'ct']",87.61508061235376
930,"[(0, 1, 2), (1, 1, 2, 12), 'ct']",87.61508061235376
931,"[(0, 1, 2), (2, 1, 2, 12), 'ct']",87.61508061235376
932,"[(0, 1, 2), (2, 1, 0, 12), 'ct']",103.19763184554955
933,"[(0, 1, 2), (2, 1, 1, 12), 'ct']",103.19763184554955
934,"[(2, 0, 2), (2, 1, 0, 12), 'ct']",104.47448066803057
935,"[(2, 0, 2), (2, 1, 1, 12), 'ct']",104.47448066803057
936,"[(2, 0, 2), (0, 1, 2, 12), 'ct']",105.42410481963377
937,"[(2, 0, 2), (1, 1, 2, 12), 'ct']",105.42410481963377
938,"[(2, 0, 2), (2, 1, 2, 12), 'ct']",105.42410481963377
939,"[(1, 1, 2), (1, 1, 0, 12), 'ct']",161.29956113077552
940,"[(0, 1, 2), (1, 1, 0, 12), 'ct']",181.78519711563447
941,"[(1, 1, 2), (0, 1, 0, 12), 'ct']",198.0087778342956
942,"[(0, 1, 2), (1, 1, 1, 12), 'ct']",201.18126485090616
943,"[(0, 1, 2), (0, 1, 1, 12), 'ct']",201.21437766163973
944,"[(2, 1, 2), (0, 1, 0, 12), 't']",244.05733821611392
945,"[(1, 1, 2), (0, 1, 1, 12), 'ct']",319.93760317751907
946,"[(2, 1, 2), (1, 1, 1, 12), 'ct']",404.1131115735343
947,"[(2, 1, 2), (0, 1, 1, 12), 'ct']",404.14189082794104
948,"[(2, 1, 2), (1, 1, 0, 12), 'ct']",774.2161101214396
949,"[(0, 1, 0), (1, 1, 0, 12), 't']",5058.627101980108
950,"[(2, 1, 2), (1, 1, 1, 12), 't']",400776.2563593856
951,"[(1, 1, 2), (1, 1, 1, 12), 'ct']",66092878.4206478
952,"[(1, 1, 0), (2, 0, 2, 12), 'ct']",488633339.0728947
953,"[(1, 1, 1), (1, 1, 1, 12), 'c']",576797731.5600883
954,"[(2, 1, 0), (2, 0, 0, 12), 'ct']",1448224477.7959998
955,"[(2, 1, 0), (2, 0, 1, 12), 'c']",1836255087.539897
956,"[(2, 1, 0), (1, 1, 1, 12), 't']",3265233093.7332044
957,"[(2, 1, 1), (1, 1, 1, 12), 't']",15403644296.786268
958,"[(2, 1, 1), (1, 1, 0, 12), 't']",17898604833.48484
959,"[(1, 0, 0), (1, 1, 1, 12), 'ct']",37288959930.921135
960,"[(2, 0, 1), (1, 1, 0, 12), 'c']",74040361809.17258
961,"[(2, 0, 2), (1, 1, 1, 12), 'c']",552833015722.2074
962,"[(2, 0, 0), (1, 1, 1, 12), 'ct']",3051248715923753.0
963,"[(0, 1, 1), (1, 1, 0, 12), 'c']",1.6990428327043043e+17
964,"[(2, 0, 2), (1, 1, 0, 12), 'c']",1.2204365747220586e+19
965,"[(1, 1, 2), (2, 0, 1, 12), 't']",1.0973356923719433e+20
966,"[(1, 1, 2), (1, 1, 0, 12), 't']",2.323144409860438e+22
967,"[(1, 1, 0), (2, 0, 0, 12), 'ct']",1.2676302626682289e+25
968,"[(2, 1, 0), (2, 0, 0, 12), 'c']",1.5553316716063145e+25
969,"[(2, 0, 0), (1, 1, 0, 12), 't']",3.1369432939094854e+29
970,"[(1, 1, 1), (2, 0, 0, 12), 'ct']",1.2767889599076765e+34
971,"[(2, 0, 1), (1, 1, 0, 12), 't']",3.614261898183721e+42
